gene;gene_symbol;threshold;threshold_percentile;full_expression_pvalue;full_expression_hazard_ratio;full_expression_significant;threshold_pvalue;threshold_hazard_ratio;threshold_significant;cross_validation_score;threshold_interval;cross_validation_interval;risk_opposite_direction;total_number_of_thresholds;test_gene;test_threshold;test_threshold_percentile;test_full_expression_pvalue;test_full_expression_hazard_ratio;test_full_expression_significant;test_threshold_pvalue;test_threshold_hazard_ratio;test_threshold_significant;test_number_of_significant_thresholds;tissue;level;colon_exp;tissue_exp;snr
2563;GABRD;1.02552032;76.0;9.478896440651141e-06;2.2858755073822175;1.0;2.9200324520139986e-05;2.6001768302528667;1.0;71.57;85.91549295774648;80.28169014084507;0.55;142;2563;5.4027530054209345;76.0;0.10583912452472122;1.4061017287525372;0.0;0.41445030922309956;1.1463256553686925;0.0;19;brain;1.0;0.111534;4.424109;39.666012157727685
4157;MC1R;0.8913840199999997;74.0;0.000505538753648116;1.9691389269602957;1.0;0.00011413219260858476;2.3797059115322114;1.0;56.36;100.0;100.0;1.1;76;4157;5.629040778007811;74.0;0.1601307996179786;1.2948903931683429;0.0;0.12914529469495362;1.2756356333426153;0.0;2;germinal;3.0;1.23067;3.219046;2.6156857646647764
23539;SLC16A8;0.37688437499999994;77.5;0.0006503074118833219;2.142425440295785;1.0;0.00010289097203974862;2.4749064924710362;1.0;52.05;100.0;100.0;0.75;17;23539;5.369052826354846;77.5;0.20349356142680897;1.3459247888976975;0.0;0.38812506663154767;1.161846680207002;0.0;0;germinal;3.0;0.12434;0.592453;4.764782049219881
151176;ERFE;0.6442296000000001;68.5;0.007086839779254284;1.440040959051499;1.0;0.00015516513342017646;2.29808808581192;1.0;47.85;83.33333333333333;76.66666666666667;1.15;90;151176;5.1812851684225425;68.5;0.0031700100727785063;1.2628310801093803;1.0;0.0009570550165216574;1.6338202507319708;1.0;84;testis;1.0;0.463593;3.67296;7.922811604144152
128817;CSTL1;0.40965069999999987;82.5;0.012250177490243486;1.9477031547598684;1.0;0.000984499680780626;2.2034565038808362;1.0;37.74;100.0;100.0;1.5;20;128817;3.3955093585313882;82.5;0.6343733086547392;1.1805812345896458;0.0;0.5939901278354358;1.109159836641627;0.0;0;testis;1.0;0.040497;2.074762;51.23248635701411
221914;GPC2;0.67388285;69.0;0.009077390180509237;2.143692985988106;1.0;0.0002475847291407707;2.2462716262938214;1.0;36.24;61.64383561643836;61.64383561643836;1.35;73;221914;4.647144452724195;69.0;0.8452541077764848;1.0356575649119586;0.0;0.20711008756381943;1.2163388246376872;0.0;0;testis;1.0;0.764397;3.194474;4.17907710260506
7349;UCN;0.87108676;48.0;0.00070560907939754;1.8826209660145168;1.0;0.0003898125519226081;2.303964750508722;1.0;35.44;81.66666666666667;75.83333333333333;1.15;120;7349;4.085918790344209;48.0;0.6578671426477607;1.0829623867621267;0.0;0.6136322724255618;1.076411051336136;0.0;0;germinal;3.0;0.770719;1.465299;1.901210428184591
284451;ODF3L2;0.3981242000000001;80.0;0.009982168476099895;2.2740305874463105;1.0;0.00047643919906081855;2.237081653455019;1.0;33.53;100.0;100.0;1.45;28;284451;5.821587655414332;80.0;0.03942214779321751;1.5339644375938268;1.0;0.039150610697524124;1.409016202054338;1.0;10;testis;1.0;0.210608;3.945334;18.733068069589
54084;TSPEAR;0.41870337500000016;67.5;0.00413032613740083;1.7161194550606644;1.0;0.0004898754411215567;2.161243126678288;1.0;32.03;81.35593220338983;79.66101694915254;0.8;59;54084;4.051190153491884;67.5;0.8655885106503796;1.0489718257224336;0.0;0.8190045420665752;1.0371961049827214;0.0;0;testis;1.0;0.088067;1.480834;16.814856870337355
645811;CCDC154;0.40274633499999996;84.5;0.007165432214694345;2.4559261765596188;1.0;0.0007070782720950408;2.324797661291295;1.0;31.03;100.0;100.0;1.95;22;645811;5.78186850291602;84.5;0.4884715619322293;1.16725475412407;0.0;0.018990533316459057;1.53152122393459;1.0;13;male_germinal;2.0;0.720119;3.18499;4.422866220721853
280664;WFDC10B;0.8105852;76.0;0.04866359638329154;1.4550070787297364;1.0;0.00046299882179634544;2.227401564700659;1.0;30.53;93.33333333333333;91.11111111111111;1.35;45;280664;3.729357556253435;76.0;0.8748509207611554;0.9619126520412935;0.0;0.9007562082784482;1.0212420974638865;0.0;0;testis;1.0;0.304729;1.815617;5.958136573808203
54869;EPS8L1;3.3967117499999997;75.0;0.0373447211618303;1.4162069425289059;1.0;0.0011086951622525376;2.090797694673069;1.0;30.23;77.63157894736842;68.42105263157895;1.2;76;54869;6.476543801275268;75.0;0.8414255500954289;0.9767020585559562;0.0;0.437942060874565;1.136689605441907;0.0;1;placenta;3.0;2.089146;3.532626;1.6909426148292173
2792;GNGT1;0.34880012;73.5;0.0041761603706449435;2.722910543431769;1.0;0.0009416195238782787;2.086799249419861;1.0;28.43;100.0;100.0;1.35;34;2792;2.807776946053459;73.5;0.3529776372882192;0.726972120601186;0.0;0.7720747751605266;0.9519189465885363;0.0;0;placenta;1.0;0.011586;1.304846;112.6226480234766
283248;RCOR2;2.30735902;83.0;0.037373029211489106;1.351591155406023;1.0;0.0009908088985801644;2.221919199683799;1.0;27.73;29.245283018867923;20.754716981132077;2.2;106;283248;6.279565753414299;83.0;0.7576638536809348;1.0605489518151296;0.0;0.4067315136826726;1.1627778736359888;0.0;0;embryonic_stem_cells;1.0;0.599565;3.967121;6.616665415759759
84074;QRICH2;0.8538755449999998;84.5;0.00756249671026632;2.4071579843264175;1.0;0.004208886270456125;2.1394467089173372;1.0;24.22;100.0;100.0;2.35;26;84074;4.951309128887292;84.5;0.8526775737968291;0.9485170456235811;0.0;0.39891155442730586;1.1756119701032621;0.0;0;testis;1.0;0.846078;3.61121;4.26817622015937
84225;ZMYND15;1.52409488;83.0;0.24066396124753764;1.303767479742111;0.0;0.0013198147119202197;2.311749509082136;1.0;22.12;25.35211267605634;21.12676056338028;2.15;71;84225;5.017511872131509;83.0;0.701465341751947;1.0774913976681233;0.0;0.6519712638931967;0.9140023278422994;0.0;0;testis;1.0;0.650917;4.093639;6.289033778500177
135886;TMEM270;0.503514895;70.5;0.14061838720537634;1.5359695894220622;0.0;0.0016757019413604635;2.0324339401086586;1.0;21.82;42.35294117647059;40.0;1.25;85;135886;3.6062059996747267;70.5;0.8650674894680472;0.9539984779743611;0.0;0.5091734389924372;1.1099843017436972;0.0;0;testis;1.0;0.041563;5.375787;129.34068763082547
92558;BICDL1;1.952176;46.0;0.033224287468257785;1.5421430607529447;1.0;0.0008420960476827055;2.2486985992293653;1.0;21.72;26.436781609195403;26.436781609195403;0.6;87;92558;6.262216400582477;46.0;0.8789747989454222;0.9773844648316217;0.0;0.7709652270246989;1.0433395984549254;0.0;0;germinal;3.0;1.332475;4.38772;3.292909810690632
268;AMH;1.6379916;77.0;0.006561161623849454;1.328927560802638;1.0;0.0008370986802750391;2.188896745770645;1.0;20.82;36.458333333333336;27.083333333333332;2.4;96;268;4.587422833453326;82.0;0.22071344633809664;1.2177868155303682;0.0;0.048156042288653333;1.4338852138288394;1.0;18;testis;1.0;0.566553;3.021817;5.333688110379788
1815;DRD4;1.0814382000000002;85.0;0.00021139364741484812;2.056345465874041;1.0;0.0019709849690288106;2.2153013185875836;1.0;18.12;100.0;100.0;2.15;4;1815;4.618114527863549;85.0;0.34120598186273066;0.7942741201491389;0.0;0.12878618028863897;0.7130623536903364;0.0;0;germinal;3.0;0.598726;1.318354;2.201932102497637
7015;TERT;0.96043877;79.5;0.008450601589886197;1.6710842063133637;1.0;0.0018276216416817093;2.078119917734126;1.0;17.92;100.0;100.0;1.7;27;7015;5.81884703501842;79.5;0.5504874405508882;1.1047945770422956;0.0;0.15122180137386754;1.292399852077425;0.0;0;embryonic_stem_cells;1.0;0.283331;1.358335;4.794163010754207
7138;TNNT1;0.7805311199999996;62.0;0.0022431955066650744;1.2727216864802908;1.0;0.0005646699803365518;2.141985144055115;1.0;17.62;61.111111111111114;52.22222222222222;2.35;90;7138;4.336031776307014;62.0;0.46848659245561386;1.064061670926875;0.0;0.30792942049369065;1.1638492482599476;0.0;0;muscles;1.0;0.470155;10.88235;23.146302815029088
6712;SPTBN2;3.0560214799999996;84.0;0.03487639740438819;1.3931483646798992;1.0;0.0030882726436933794;2.1795606528172855;1.0;17.12;51.40845070422535;33.098591549295776;2.1;142;6712;7.118373193541882;84.0;0.14040538926825707;0.8930141780811985;0.0;0.062341116097815785;0.6545557811406095;0.0;0;germinal;3.0;0.564827;4.670189;8.268352964713088
83959;SLC4A11;0.9255398999999999;35.0;0.014926561250850678;1.309394978979149;1.0;0.0012389973129303122;2.4107701895361444;1.0;17.12;37.32394366197183;30.281690140845072;0.75;142;83959;4.887492251984698;35.0;0.6549182694345117;1.027618401697893;0.0;0.4606221667529826;0.8949238711450347;0.0;0;germinal;3.0;0.299506;2.285296;7.630217758575789
147111;NOTUM;0.82247145;27.5;0.9092237327941235;1.0053175448630913;0.0;0.0013421021393273946;2.731408865019169;1.0;16.82;36.61971830985915;25.35211267605634;1.05;142;147111;6.024422102293768;27.5;0.13429215451180943;1.1154632215429237;0.0;0.5804135220658504;0.9150808931692872;0.0;14;placenta;1.0;0.044499;5.335013;119.89062675565744
90249;UNC5A;0.30946628000000004;79.0;0.0347437411208662;1.4449480486903685;1.0;0.0016405566457775578;2.0965043183939995;1.0;16.32;92.85714285714286;92.85714285714286;2.15;14;90249;5.149373237150147;79.0;0.3548183915391576;1.1849317090072422;0.0;0.5799280254184924;1.1070700468185886;0.0;0;brain;1.0;0.066935;3.489594;52.134070366773734
2297;FOXD1;1.7994888606965174;84.07960199004975;0.0004189622014783012;1.4596243618564184;1.0;0.004996614080234885;2.0339432280957;1.0;15.02;100.0;100.0;2.25;3;2297;6.399351827435232;84.07960199004975;0.10680100781111301;1.0866169283511093;0.0;0.8371113441448865;0.9592356410431683;0.0;0;placenta;1.0;0.017437;1.125839;64.56609508516372
631;BFSP1;0.7071468200000001;33.0;0.22426957907609246;1.2838652205808632;0.0;0.0015658628967369914;2.430338102351528;1.0;14.71;29.104477611940297;21.64179104477612;0.6;134;631;4.575233647941014;33.0;0.8772248974759425;1.0245403582445958;0.0;0.6629852194558084;1.0695398792998616;0.0;0;male_germinal;2.0;0.424454;1.726721;4.068099252215788
387885;CFAP73;0.44846189500000005;74.5;0.4631658869518258;1.2602455411430389;0.0;0.004590346795049438;1.9254401064836215;1.0;14.61;53.84615384615385;46.15384615384615;3.15;39;387885;5.838711564053403;74.5;0.003337772104010872;0.7611948277667142;0.0;0.01465198936858747;0.6492290542474108;0.0;0;placenta;3.0;0.55011;0.890131;1.6180963807238553
140545;RNF32;1.42517304;83.0;0.2746587378544767;1.3116867136794463;0.0;0.004720242023656951;1.9833002941751612;1.0;14.01;14.84375;10.15625;1.75;128;140545;3.7923275563391834;83.0;0.06133605471324288;0.7677845988790046;0.0;0.2966199070545099;0.8098898726999602;0.0;0;testis;1.0;0.640813;4.087721;6.378960788872885
85364;ZCCHC3;3.8391564749999985;82.5;0.0018056251294222836;1.7928342239978594;1.0;0.0035811034767292416;2.046133005023197;1.0;13.51;98.38709677419355;82.25806451612904;1.1;62;85364;7.619680684675715;82.5;0.4774626983071153;0.9053121111114614;0.0;0.514010912469058;0.8809550448107657;0.0;0;placenta;2.0;0.720757;3.765858;5.224864968359656
56666;PANX2;0.42364675;85.0;0.008169215762024562;1.802705349225202;1.0;0.005015463144449006;2.0593337590747955;1.0;13.11;65.0;50.0;3.8;20;56666;7.702783185330592;85.0;0.0544127089597477;1.6518646770623029;0.0;0.018660848219438142;1.5333623043390454;1.0;12;neuro;2.0;0.150768;1.679786;11.141528706356786
221078;NSUN6;2.328984635;83.5;0.1080802984584972;1.5650220707016493;0.0;0.0018477814506576706;2.1295374272939513;1.0;12.61;38.05309734513274;36.283185840707965;2.9;113;221078;6.095990341859775;83.5;0.12982255755993277;1.1188933396085796;0.0;0.9278620100582307;1.0190532465872726;0.0;15;totipotent_stem_cells;2.0;0.399845;2.370352;5.928177168652853
401647;GOLGA7B;0.974611845;41.5;0.12073553896754197;1.2597708532016116;0.0;0.002699820939132014;2.0793215649779344;1.0;11.51;33.064516129032256;27.419354838709676;0.8;124;401647;5.491720748921455;41.5;0.3754283688331925;1.1548901632993982;0.0;0.19230791037037287;1.2151839927112378;0.0;4;brain;1.0;0.113056;0.841455;7.442815949617888
6588;SLN;0.8254473500000001;85.0;0.02954995639636926;1.5595216659366213;1.0;0.0027592863781038535;2.166693271922956;1.0;11.41;61.111111111111114;50.0;1.05;18;6588;5.042713231005704;85.0;0.25477327836389807;1.1081819853608341;0.0;0.437733963592553;1.1604020917231916;0.0;0;muscles;1.0;0.270085;8.859782;32.80368032286132
79852;EPHX3;0.41588844999999997;65.0;0.004162416178814965;1.56880474698879;1.0;0.002422267397507172;1.9562381342984347;1.0;11.41;68.62745098039215;60.78431372549019;0.95;51;79852;4.48883063202847;65.0;0.731624084185674;1.0544703769433283;0.0;0.8989238115129012;1.0193561376854674;0.0;0;stem_cells;3.0;0.18389;2.725728;14.822600467670892
89958;SAPCD2;5.074544685;84.5;0.09023217073947642;1.2831055274704835;0.0;0.0011803110203325584;2.3424658206841884;1.0;9.81;6.338028169014085;4.225352112676056;2.9;142;89958;8.88092267898301;84.5;1.0881624406877677e-05;0.635855900904565;0.0;0.18032243513955537;0.7461383612006501;0.0;0;totipotent_stem_cells;2.0;1.205073;2.029547;1.6841693407785254
3972;LHB;0.4169972500000002;85.0;0.010427240963315043;1.8795471181690486;1.0;0.008267505284202503;1.9717892826960162;1.0;9.61;100.0;100.0;2.45;7;3972;6.145824544525551;85.0;0.0951705131696976;1.3728239786716383;0.0;0.039570707843831876;1.4537469507528153;1.0;7;germinal;3.0;0.180323;1.659384;9.20228700720374
115950;ZNF653;1.745164525;77.5;0.0011892640093733586;2.5063291645847725;1.0;0.001934448152569379;2.0427574308520113;1.0;9.41;100.0;100.0;3.2;24;115950;4.861288220053704;77.5;0.012483377700922338;0.6727626143763722;0.0;0.06388257108683426;0.7066051451521539;0.0;0;germinal;3.0;1.82208;3.452147;1.894618787319986
285051;STPG4;0.7020825399999998;73.5;0.07793526827228714;1.5323857304244515;0.0;0.0026805393399227384;1.9872831606477495;1.0;9.01;36.08247422680412;29.896907216494846;1.4;97;285051;4.1079077351380215;73.5;0.7277656034653028;0.9103739291613627;0.0;0.7325145843061303;0.9447575990454531;0.0;0;testis;1.0;0.067724;2.13385;31.50803260291772
6529;SLC6A1;0.38282308499999995;79.5;0.0132144187795451;2.5580851510445406;1.0;0.0032168658569424746;2.016551759187354;1.0;8.91;97.05882352941177;97.05882352941177;3.1;34;6529;3.654609779957163;82.5;0.6784086419815267;1.0551940351934148;0.0;0.034290875993428394;1.4592669342999847;1.0;8;brain;1.0;0.387525;5.055786;13.046347977549836
2922;GRP;2.0298844000000003;80.0;0.013195660939726794;1.3254387543335975;1.0;0.01046592028589699;1.871268062595531;1.0;8.81;95.83333333333333;95.83333333333333;3.1;24;2922;5.477520255519432;80.0;0.25461100717065177;1.068197841928369;0.0;0.26704098466224035;1.2124692607557763;0.0;0;male_germinal;2.0;0.482366;1.197618;2.482799368114668
389336;C5orf46;0.58367272;76.0;0.05214769679203024;1.3224927415702166;0.0;0.0034288387772725137;2.0131067424007183;1.0;8.71;66.66666666666667;53.333333333333336;2.15;60;389336;4.8248298233965405;76.0;0.012116969712058667;1.1866573003183587;1.0;0.022766408823322815;1.4416347480153224;1.0;38;germinal;3.0;0.081452;2.826277;34.69868143200904
11063;SOX30;0.9105076449999998;84.5;0.0030919443063455176;1.8528766654784057;1.0;0.006341343275766409;1.9940108336077897;1.0;8.01;100.0;100.0;4.55;5;11063;3.2281298658034485;84.5;0.7761628782151884;0.9621508665560722;0.0;0.5830295022817733;1.1112484720401135;0.0;0;testis;1.0;0.211451;5.14663;24.33958694922228
3833;KIFC1;4.539296749999999;82.5;0.17930792700991116;1.2738378052544828;0.0;0.0024239322974166644;2.067261479507269;1.0;7.71;13.592233009708737;10.679611650485437;3.15;103;3833;8.077012609844266;82.5;0.006987890655957729;0.669433232351871;0.0;0.09676257157074453;0.7116261359140306;0.0;0;totipotent_stem_cells;2.0;1.617154;4.239818;2.6217775177874216
525;ATP6V1B1;0.3396312;80.0;4.760524824565238e-06;2.663379772584209;1.0;0.002795367578428465;2.0774589392569633;1.0;7.41;94.11764705882354;94.11764705882354;3.15;17;525;4.582170014738646;80.0;0.9754687008074161;0.9918750368493314;0.0;0.30929995768868945;1.2104959387397125;0.0;0;placenta;3.0;0.266;2.874206;10.805285714285715
100874291;ALMS1-IT1;0.38813208;66.5;0.7336588012580025;1.0860549576027985;0.0;0.0037645114588955586;1.8969738099614668;1.0;7.41;65.625;56.25;2.35;64;100874291;3.6196915897000936;66.5;0.12147951522723943;1.2817133246857522;0.0;0.5278388582568154;1.100974743878484;0.0;1;totipotent_stem_cells;2.0;0.188895;1.352986;7.162635326504143
101928525;LOC101928525;0.5954371;85.0;0.004513932620622718;2.858900671754532;1.0;0.005136645245853666;2.0519802021492133;1.0;7.41;87.5;73.21428571428571;2.2;56;101928525;5.79006943309592;85.0;0.03626825385563959;1.7261517980216232;1.0;0.26914499961824756;1.2549562519687982;0.0;2;placenta;2.0;0.527332;1.910327;3.622626732305265
487;ATP2A1;0.51462762;69.0;0.0020451211813514725;2.4138926164545893;1.0;0.007267572284925139;1.8258355714848045;1.0;6.51;82.3529411764706;73.52941176470588;1.85;34;487;3.597034976655229;72.5;0.12217574730188074;1.3548945876581053;0.0;0.047262415518894985;1.3625593024538365;1.0;3;muscles;1.0;0.562872;8.899794;15.811399394533748
256126;SYCE2;0.68481756;69.0;0.00048696926546121233;1.95778528067895;1.0;0.0030730388452013813;1.9208585044335533;1.0;6.51;77.94117647058823;72.05882352941177;2.1;68;256126;4.093540455360281;69.0;0.5677191622139615;0.9179898416385149;0.0;0.68056536756869;0.9373877266644977;0.0;0;testis;1.0;0.522365;3.580793;6.854963483388053
286075;ZNF707;2.024389775;82.5;0.061985214313396764;1.5561418757398138;0.0;0.0024464147866170016;2.0926410728690126;1.0;6.51;23.25581395348837;16.27906976744186;4.2;86;286075;6.220462158562435;82.5;0.4952369630124567;1.154131094003795;0.0;0.7111638024771212;0.9268862346186609;0.0;0;germinal;3.0;2.099459;3.43464;1.6359643127110366
3625;INHBB;2.345145605;81.5;0.03165921226446655;1.2021563900966112;1.0;0.015124929427085654;1.8158061361466737;1.0;5.51;85.71428571428571;85.71428571428571;3.25;28;3625;7.2255033025079;81.5;1.002798009075434e-07;1.443956627232261;1.0;6.041845219684205e-07;2.2169816655024155;1.0;28;germinal;3.0;0.901709;3.557918;3.945749681992749
100170841;EPOP;2.9990583;85.0;0.13785601386118773;1.244642152249136;0.0;0.009312785924189715;1.9516426679219665;1.0;5.51;19.014084507042252;16.901408450704224;2.05;142;100170841;6.8727512686771615;85.0;0.31010608760091296;0.8578323451544562;0.0;0.9152314804833255;0.97928724921042;0.0;0;male_germinal;2.0;0.493102;2.942287;5.966893259406776
57501;CFAP92;0.85956748;78.5;0.009453969309382915;1.8348876485148051;1.0;0.0029641692233075556;2.0152477658279673;1.0;4.7;90.81632653061224;57.142857142857146;1.95;98;57501;5.732590738929944;78.5;0.7658945261537151;0.9603556819069939;0.0;0.8000244337024027;1.0442374353814146;0.0;0;male_germinal;2.0;0.102919;1.096391;10.652950378452957
3227;HOXC11;0.9354456699999998;83.5;0.0025497822826818783;1.4154250673167434;1.0;0.01241830156626067;1.8807400243165093;1.0;4.6;100.0;100.0;2.65;5;3227;6.040056474401517;83.5;0.054219989796999046;1.3323989166934418;0.0;0.1366125642169651;1.3139576464357254;0.0;0;germinal;3.0;0.029717;0.675679;22.737120166907832
286207;CFAP157;1.08474484;84.0;0.016256159396658365;2.3530880851797913;1.0;0.00344102549712888;2.1348946280160868;1.0;4.5;14.084507042253522;11.267605633802816;4.25;142;286207;6.035915173548464;84.0;0.0020629176668904847;2.3829820919404914;1.0;0.03509395003809179;1.455980876698812;1.0;102;male_germinal;2.0;0.428282;3.45001;8.055463456320835
101928424;TMEM123-DT;1.0579803499999998;82.5;0.09270458739655751;1.372378739576589;0.0;0.002902040295744035;2.0171925917498053;1.0;4.4;43.24324324324324;27.027027027027028;2.6;37;101928424;5.160428427664699;82.5;0.2810584839083494;1.2479316764790536;0.0;0.8527815569459367;1.036681177818205;0.0;0;germinal;3.0;0.977257;1.710133;1.7499316965752099
100506465;LINC01234;1.8507186500000006;85.0;0.006629105122407664;1.3561318325886087;1.0;0.011610946679315948;1.9132725968824;1.0;4.2;71.66666666666667;56.666666666666664;4.7;60;100506465;4.171806006205081;85.0;0.37155829189703127;0.9340481114920869;0.0;0.383140958400074;0.8311919619342469;0.0;0;embryonic_stem_cells;1.0;0.014397;0.74443;51.70730013197194
100507057;MELTF-AS1;1.40124186;39.0;0.012916843278617751;1.5546302521191602;1.0;0.00607351174780435;1.9818608230225274;1.0;3.9;47.96747967479675;30.08130081300813;1.2;123;100507057;5.475110684100134;39.0;0.3329046150473003;1.2221784741788617;0.0;0.9421931036119062;1.010873887459076;0.0;0;germinal;3.0;1.650563;4.071003;2.466432968629492
163154;PRR22;1.943672994999999;84.5;0.037781861685031615;1.436525243696855;1.0;0.00304506291101192;2.0769020651337087;1.0;3.6;88.88888888888889;48.148148148148145;2.95;27;163154;5.171215209231164;84.5;0.6498246802522778;0.9000423355373735;0.0;0.7244985290941461;0.9293006932456412;0.0;0;testis;1.0;1.685827;4.794898;2.8442408384727496
8631;SKAP1;3.038290675;77.5;0.0647724904477982;1.229058297905671;0.0;0.011089199123929028;1.8264760265414504;1.0;3.4;30.88235294117647;22.058823529411764;2.65;68;8631;6.816158163452481;77.5;0.6241303342261246;1.0446425812511357;0.0;0.17636052848220984;1.2521372459998836;0.0;1;germinal;3.0;0.955762;3.156055;3.3021348411006084
399693;CCDC187;0.34404968;83.0;0.22204169643393312;1.3795143422402276;0.0;0.006384662766968363;2.069247558295344;1.0;3.3;85.71428571428571;85.71428571428571;2.95;14;399693;4.899354668554831;83.0;0.0962231040717687;1.2892624023620693;0.0;0.5720756969990359;1.1230877946708853;0.0;0;testis;1.0;0.036988;2.526212;68.29815075159512
8534;CHST1;1.290316;85.0;0.052463707620127975;1.429248495861226;0.0;0.00952703893214557;1.972459175157741;1.0;3.2;53.57142857142857;28.571428571428573;2.3;28;8534;5.562386993126159;85.0;0.027842869525616987;1.4240288391243725;1.0;0.004330483403649499;1.6557750214813396;1.0;26;germinal;3.0;0.802918;2.153395;2.681961296172212
100507034;PITRM1-AS1;0.3060529850746269;79.1044776119403;0.829090233242519;1.1019221726101802;0.0;0.005092838769428898;1.9683674196120673;1.0;3.1;84.61538461538461;69.23076923076923;1.85;13;100507034;3.4629665145137687;79.1044776119403;0.03354040471840891;1.8888713421231877;1.0;0.4053911820897125;1.1554730143136636;0.0;0;placenta;2.0;0.267127;1.279167;4.78860991213917
100506660;DDX11-AS1;0.61479019;79.0;0.03160425025666136;2.665566108313561;1.0;0.011550969500516484;1.8086623819208898;1.0;3.0;54.73684210526316;32.63157894736842;1.85;95;100506660;2.8440268428493605;79.0;0.8887633921664735;1.0644014283465248;0.0;0.9839299782736322;0.9963792236601832;0.0;0;totipotent_stem_cells;2.0;0.246588;0.608046;2.4658377536619787
100506696;PCAT6;1.7976827199999998;58.0;0.01864364712468558;1.520254494481894;1.0;0.009029704918778636;1.7834540053771677;1.0;3.0;57.00934579439252;30.8411214953271;2.85;107;100506696;4.98114412992532;58.0;0.8051024043724364;0.9652078838056034;0.0;0.40275521547038906;0.8832132285220208;0.0;0;testis;1.0;1.064864;5.377805;5.050227071250413
78995;HROB;2.2576415;85.0;0.48687737723321867;1.192843934471966;0.0;0.017912816489838557;1.8576041550857607;1.0;2.7;4.964539007092198;4.25531914893617;3.8;141;78995;6.059964712616678;85.0;0.3319531553718771;0.8108042834374606;0.0;0.6371268486410153;0.9065254476068261;0.0;0;testis;1.0;0.622372;3.148131;5.0582786500678045
7574;ZNF26;0.6530738500000001;39.0;0.665224688864448;1.1462160547768003;0.0;0.009759962188517601;1.902605279640281;1.0;2.3;37.254901960784316;31.372549019607842;1.25;102;7574;4.23635531518093;39.0;0.6496792765432038;0.9416160821970853;0.0;0.9607497435212644;0.9927519102242961;0.0;0;totipotent_stem_cells;2.0;0.185126;2.061821;11.137392910774283
1029;CDKN2A;1.1358769700000002;54.5;0.02210972740318584;1.2444722258716443;1.0;0.009391561002625615;1.7794733568622516;1.0;2.1;67.5;53.75;2.8;80;1029;4.250317215160885;54.5;0.2536510402177583;1.0956388147450873;0.0;0.9242560740430614;0.9862206417580157;0.0;10;germinal;3.0;0.676075;2.830369;4.186471915098178
114043;TSPEAR-AS2;0.7513578500000003;85.0;0.01125716622195716;1.6697038783012488;1.0;0.012220343237019815;1.9532660095764975;1.0;2.1;77.77777777777777;40.0;4.5;45;114043;5.633807333744053;85.0;0.026593455987681258;1.5875102679037385;1.0;0.1557538962084739;1.3386655554540041;0.0;0;germinal;3.0;0.411608;1.033351;2.510522147285767
80714;PBX4;1.6452803200000001;77.0;0.0031447217029676455;1.8450027391863921;1.0;0.009260301850437802;1.8554703927721459;1.0;2.0;47.69230769230769;20.0;3.3;130;80714;5.5463798140567455;77.0;0.8448681249453274;0.9723540172470297;0.0;0.6128468686141275;0.9121613639593177;0.0;0;germinal;3.0;0.877317;2.564145;2.9227120869651446
283050;ZMIZ1-AS1;0.31118246000000005;65.5;0.6530291379419524;1.2258927448470505;0.0;0.011044173018965209;1.7579992900219292;1.0;1.9;39.130434782608695;32.608695652173914;2.95;46;283050;4.085760644148297;65.5;0.14712027311500409;1.5524845672850522;0.0;0.5522819319421468;1.094794467966218;0.0;0;male_germinal;2.0;0.338042;2.034151;6.017450494317274
4070;TACSTD2;4.85347382;81.0;0.1600638444813578;1.0843304937150142;0.0;0.005243570029644484;1.9509439809434277;1.0;1.8;9.62962962962963;5.925925925925926;3.95;135;4070;10.382435554015995;81.5;0.4037290044040036;1.0271674054954103;0.0;0.032447444235852885;1.4506908871756012;1.0;1;placenta;3.0;0.568907;3.373068;5.929032337447069
29881;NPC1L1;0.6839780250000002;74.5;0.014109516978890069;1.2690639199381282;1.0;0.02549733211896754;1.6905631193994404;1.0;1.8;54.054054054054056;32.432432432432435;3.9;37;29881;4.779319135821125;74.5;0.35771638341288226;0.9184237638743376;0.0;0.7123964844593575;0.9393342288439639;0.0;0;germinal;3.0;0.416509;0.80823;1.940486280008355
100996702;LINC01356;0.9247004999999999;81.5;0.007851836920220956;2.173751111032577;1.0;0.015370265517401283;1.8001453676747026;1.0;1.6;50.37593984962406;38.34586466165413;3.0;133;100996702;5.01908776073576;81.5;0.010393262993618091;1.6858809332514464;1.0;0.023119308140624906;1.488985768597771;1.0;33;embryonic_stem_cells;1.0;0.047103;3.449406;73.23113177504618
79906;MORN1;0.6987562500000001;85.0;0.6059799109986068;1.3168309004768572;0.0;0.02100141087449514;1.8132253656840305;1.0;1.5;42.857142857142854;28.571428571428573;5.36;14;79906;7.025226554345823;85.0;0.14030105706408214;1.3527053514282525;0.0;0.009269547384641807;1.6401660135527978;1.0;8;germinal;3.0;1.054082;2.807819;2.6637576583225973
6676;SPAG4;2.4151015447761197;78.35820895522389;0.14636535605125167;1.2736240835923813;0.0;0.005899920479121246;1.9446661939688734;1.0;1.5;33.333333333333336;33.333333333333336;3.2;15;6676;6.509048158484162;78.35820895522389;0.9678425246474194;1.003780094157495;0.0;0.5874965916646329;0.9070030058136723;0.0;0;male_germinal;2.0;1.797273;4.407609;2.4523870330216946
645249;MNX1-AS1;2.930383049999999;82.5;0.12767815652624104;1.2673156820925953;0.0;0.004335069118594159;2.002059567861232;1.0;1.5;13.541666666666666;9.375;4.75;96;645249;5.654952156461101;82.5;0.25133796725601965;0.8789195835713457;0.0;0.4808310204989108;0.8748782034019108;0.0;0;germinal;3.0;0.436085;1.091658;2.5033147207539814
10815;CPLX1;1.98033812;60.5;0.06457123291074462;1.2377279426670205;0.0;0.00430022177997702;1.8751425305022913;1.0;1.4;43.90243902439025;31.70731707317073;3.45;82;10815;4.396047664158429;60.5;0.005653954374949199;0.792167349490051;0.0;0.012271466820772181;0.6766276408647878;0.0;0;neuro;2.0;1.38062;4.693323;3.3994314148715796
124045;SPATA33;2.0146344600000003;83.0;0.2744004840843586;1.3636213709279634;0.0;0.010581347926993612;1.9467953847448318;1.0;1.4;10.56338028169014;8.450704225352112;4.2;142;124045;5.966205942289196;83.0;0.12081999513747865;0.805251802191671;0.0;0.4858727827312488;0.866846408204838;0.0;0;testis;1.0;2.03603;5.431326;2.6676060765312894
50624;CUZD1;0.53662028;78.0;0.006056475891787372;2.851537683923829;1.0;0.034800381155182025;1.648968666690913;1.0;1.3;78.94736842105263;52.63157894736842;3.95;38;50624;3.6955135769922505;78.0;0.7072060492119885;0.910633190328452;0.0;0.09291900954670762;0.7297617087186077;0.0;0;germinal;3.0;0.485681;0.875386;1.80238881076262
115749;C12orf56;0.4529628000000002;85.0;0.021523086580930606;2.1552013688431537;1.0;0.017692185195831378;1.8834084637669541;1.0;1.3;100.0;60.0;4.55;5;115749;4.595981017623704;85.0;0.6930611844737125;1.031947449473975;0.0;0.37094273332942107;1.192769100742381;0.0;0;testis;1.0;0.06492;1.639535;25.254698089956868
285908;LINC00174;1.512271025;82.5;0.01395404060854566;1.711627221876338;1.0;0.01339588156027216;1.877522596211467;1.0;1.3;78.43137254901961;47.05882352941177;5.01;51;285908;5.580656218895739;82.5;0.014452179598618553;1.8487526947060926;1.0;0.21894300822144497;1.2477444520136516;0.0;3;germinal;3.0;1.589554;3.884068;2.443495471056661
1852;DUSP9;0.5538726399999999;84.0;0.010919581570960846;1.656121542720919;1.0;0.009469952179719021;1.9890338948881499;1.0;1.2;21.62162162162162;21.62162162162162;4.75;37;1852;4.548401106236444;84.0;0.7586215548947368;0.9445510056705022;0.0;0.9094596969324302;0.9781537875581509;0.0;0;placenta;1.0;0.013488;4.795321;355.5249851720048
23560;GTPBP4;3.8859608;74.0;0.11544202587916041;1.5661624707809272;0.0;0.039441788831832136;1.602000918653049;1.0;1.2;29.71014492753623;15.217391304347826;4.15;138;23560;7.778449007891647;74.0;0.11732157194728288;0.81593849229762;0.0;0.8773336355624906;0.9748518380493264;0.0;0;totipotent_stem_cells;2.0;0.821544;5.391362;6.5624750469847015
54437;SEMA5B;0.530280655;83.5;0.01587721125394803;3.004168582981661;1.0;0.032279034881121715;1.7508617046281947;1.0;1.2;55.55555555555556;33.333333333333336;3.4;27;54437;7.517921297739278;83.5;0.010630669104992885;1.8121499561196976;1.0;0.5209890839064133;1.127835667736767;0.0;0;totipotent_stem_cells;2.0;0.363997;1.733226;4.761649134470888
282974;STK32C;2.68883638;81.0;0.09217179621956428;1.2722687908367794;0.0;0.01715289738807768;1.8154126246835167;1.0;1.2;32.8125;15.625;4.4;64;282974;6.292218655196284;81.0;0.3105567553514801;0.8494436005626285;0.0;0.4178928057715634;0.8545528915236671;0.0;0;germinal;3.0;1.686402;3.618773;2.1458543099450784
10538;BATF;3.2832276200000003;83.0;0.010595106634737173;1.2905208907227226;1.0;0.034088430270967196;1.773970917732137;1.0;1.0;100.0;100.0;3.95;31;10538;6.942182072613228;83.0;0.885029942721062;0.9809583568610333;0.0;0.1695571189189815;1.2834424686338686;0.0;0;placenta;3.0;1.18944;1.482519;1.2464008272800644
53833;IL20RB;0.80908295;85.0;0.00015816841457594322;1.796791249526332;1.0;0.009133987930623366;1.934153195852717;1.0;0.9;75.0;75.0;4.1;4;53833;4.175311674722048;85.0;0.009837142323443127;1.562402560816408;1.0;0.02811485184638185;1.509767053340578;1.0;3;germinal;3.0;0.497106;2.259983;4.5462798678752625
150759;LINC00342;2.3922009999999996;77.5;0.12546941765653274;1.2109366333518663;0.0;0.0110657752932386;1.7962465123453442;1.0;0.9;51.515151515151516;36.36363636363637;4.15;33;150759;5.81522850974112;77.5;0.2615794127079105;1.086918889574039;0.0;0.015341090914496869;1.5121233985230238;1.0;17;germinal;3.0;2.574539;4.942108;1.9196089086240293
51364;ZMYND10;0.3251565;85.0;0.19477569834938646;1.6794753622160608;0.0;0.02431971324795712;1.8500065995644357;1.0;0.8;83.33333333333333;83.33333333333333;4.8;6;51364;5.456148810710767;85.0;0.22401049559049846;1.329489227592061;0.0;0.008859190938186767;1.6343747105425865;1.0;6;testis;1.0;0.199607;6.420564;32.16602624156467
5317;PKP1;2.1625134;83.5;0.11450087722780733;1.1735842334430147;0.0;0.010847412335156514;1.9649723229608194;1.0;0.8;8.8;8.8;4.45;125;5317;6.062056801327199;83.5;0.726323871813229;1.032596370484176;0.0;0.7403781077726139;1.065639687327381;0.0;0;placenta;3.0;0.232676;1.727633;7.425058880159535
7087;ICAM5;0.305356535;75.5;0.24558660891833206;1.4902099703982075;0.0;0.03853171579782799;1.6446599348161368;1.0;0.8;36.36363636363637;36.36363636363637;4.65;22;7087;4.57530491426439;75.5;0.992428549467687;0.9979002993429107;0.0;0.641002695577759;0.9221821693497577;0.0;0;germinal;3.0;0.315282;1.752872;5.559695764426767
25790;CFAP45;0.64051005;85.0;0.5035608319370541;1.2529393291117756;0.0;0.028871464327508756;1.7572523275153806;1.0;0.7;5.357142857142857;5.357142857142857;5.41;112;25790;5.445128226460624;85.0;0.6546277620633971;1.111053087655277;0.0;0.38335066439778664;1.1820096965837024;0.0;0;testis;1.0;0.223296;4.330128;19.391874462596736
114783;LMTK3;1.7976536000000005;80.0;0.14897415616111287;1.3352027019221693;0.0;0.043046856275551715;1.6795084987594329;1.0;0.7;70.0;50.0;4.55;20;114783;5.005605468694102;80.0;0.4863260661747364;0.8995754873831581;0.0;0.5534179874541567;0.8899523871005584;0.0;0;brain;1.0;0.414104;3.580951;8.647467785870216
256329;LMNTD2;1.5701255;83.5;0.0029111541115189876;1.8791909699286236;1.0;0.005862389266373169;2.016047971509519;1.0;0.7;86.66666666666667;66.66666666666667;5.41;15;256329;5.194543148442612;83.5;0.08887693435754085;0.7024223604493232;0.0;0.23001102271173268;0.769038177235571;0.0;0;male_germinal;2.0;1.495784;3.524358;2.3561944772774677
400242;DICER1-AS1;0.9013576050000002;65.5;0.21917106469176928;1.4038489533647414;0.0;0.013350716663328432;1.7226745265316215;1.0;0.7;23.80952380952381;19.047619047619047;2.5;42;400242;4.2269657205427045;65.5;0.22493604149448254;1.2472263246501978;0.0;0.08500471779399899;1.3010095191014284;0.0;9;germinal;3.0;1.422445;2.822194;1.9840443742991822
100124700;HOTAIR;0.3860762399999999;84.0;0.0019184438948389726;1.5667619755355682;1.0;0.023590382629760098;1.78935268690439;1.0;0.7;50.0;50.0;5.31;8;100124700;2.9624657511182866;84.0;0.09791796560372457;1.1616124841027067;0.0;0.7803132942997122;1.057155365102861;0.0;0;germinal;3.0;0.087221;1.902658;21.814219052751056
9311;ASIC3;0.41903937999999996;61.0;0.06859673721250514;1.6250846321832406;0.0;0.036040321100533346;1.5856242800882647;1.0;0.6;63.46153846153846;53.84615384615385;2.7;52;9311;3.2856275931042673;61.0;0.7148737144880548;1.095880566562545;0.0;0.8233097127259703;0.9667070784643493;0.0;0;germinal;3.0;1.807964;3.945707;2.1824035213090527
84264;HAGHL;2.44549317;83.0;0.012757488778116999;1.3673065956983435;1.0;0.03155507727430784;1.7829254971084356;1.0;0.6;34.50704225352113;16.901408450704224;6.51;142;84264;7.028847824146695;83.0;0.9139034322765613;1.0226630207193017;0.0;0.7505963001765794;0.9386525986627502;0.0;0;germinal;3.0;1.770902;2.756505;1.556554230555954
85442;KNDC1;0.3038064925373135;79.85074626865672;0.19986415220791787;1.6402942498092563;0.0;0.020992729580084912;1.7626935898616944;1.0;0.6;25.0;16.666666666666668;4.65;12;85442;4.270564807573895;79.85074626865672;0.5888080360953085;1.1561062914012588;0.0;0.2143638156725931;1.2346646029230401;0.0;0;neuro;2.0;0.179551;3.040828;16.935734136819065
225689;MAPK15;0.6613140000000002;20.0;0.07522012130382372;1.2029980195494385;0.0;0.010031100297547724;2.4886781623019973;1.0;0.6;16.901408450704224;2.112676056338028;2.55;142;225689;5.657535101415908;20.0;0.792782348421472;0.9500330106840281;0.0;0.5171501963751695;1.1276377853169663;0.0;0;male_germinal;2.0;0.552489;3.40748;6.167507407387297
256764;WDR72;1.4091988299999998;56.5;0.044598929354924044;1.2271498789626045;1.0;0.017824823320373273;1.685474757978821;1.0;0.6;41.30434782608695;18.47826086956522;3.45;92;256764;7.020617128725669;56.5;0.8607816856296933;0.9942078221855226;0.0;0.4238299291829739;0.8872958666633294;0.0;0;stem_cells;3.0;0.137173;0.741951;5.40887055032696
101927164;LOC101927164;0.30671653;81.0;0.06318260002628007;2.831244236309713;0.0;0.021391233337737958;1.7274677007654387;1.0;0.6;60.0;40.0;5.36;10;101927164;5.007190470736792;81.0;0.6019051361314456;1.1760207634608537;0.0;0.9966133762424714;1.0007958326016144;0.0;0;placenta;3.0;0.339314;1.044332;3.0777745686885893
441476;STPG3;0.5213358000000002;85.0;0.034308151314465185;1.849033939475339;1.0;0.03856357735492222;1.7366673135578228;1.0;0.5;75.0;75.0;4.75;4;441476;5.580799389940971;84.5;0.18877078112136014;1.3700864376772939;0.0;0.025964043708983864;1.492830562885213;1.0;3;testis;1.0;0.601176;4.855331;8.076388611654489
10309;CCNO;3.25859897;77.0;0.029630120384612102;1.3696108002540806;1.0;0.015421990395377838;1.7760019771356879;1.0;0.5;13.66906474820144;7.194244604316546;4.9;139;10309;6.204128184938077;77.0;0.00232601310218139;0.7246976763531192;0.0;0.07248564159649162;0.7192571918482207;0.0;0;germinal;3.0;0.638811;3.457006;5.4116256607979505
51305;KCNK9;0.5121480500000001;85.0;0.02980492957252001;1.833670030425706;1.0;0.030360377527371085;1.7613823197577378;1.0;0.5;16.666666666666668;8.333333333333334;5.26;24;51305;5.14708957640168;85.0;0.613967361108898;1.0602453937773841;0.0;0.4523574850364973;1.1551477671104202;0.0;0;brain;1.0;0.211238;2.283664;10.810857894886336
147968;CAPN12;0.84255848;51.0;0.030839993874234528;1.3665579859907286;1.0;0.012502554861243631;1.7637252761847968;1.0;0.5;56.12244897959184;22.448979591836736;2.8;98;147968;6.227849906816377;51.0;0.15968040304059739;1.171010920976392;0.0;0.28954226120213233;1.1672548797525872;0.0;12;placenta;3.0;0.717791;2.649516;3.69120816505083
150709;ANKAR;0.573269955;81.5;0.782387011539535;0.9002362085648472;0.0;0.0496563675418249;1.6671153082003873;1.0;0.5;71.42857142857143;50.0;4.65;14;150709;2.8814521534424764;81.5;0.07095901771442192;1.9098805497822404;0.0;0.21028805692218588;1.2725730649259865;0.0;0;testis;1.0;0.715907;2.246214;3.1375779256244183
389813;AJM1;2.4045976799999997;83.5;0.0041124229438915805;1.565396616548219;1.0;0.034648067267865956;1.7593458519717773;1.0;0.5;83.33333333333333;83.33333333333333;7.16;6;389813;6.281614600021468;83.5;0.6226006949424785;1.0758419213855206;0.0;0.4959176787220718;1.134640835608811;0.0;0;germinal;3.0;1.522722;1.286112;0.8446137903044679
114787;GPRIN1;1.86547626;77.0;0.1131315002534512;1.3514607274779789;0.0;0.007136285774559825;1.8861102079183183;1.0;0.4;53.65853658536585;17.073170731707318;3.5;41;114787;5.098922524786953;77.0;0.2713785261425199;0.7985077167171781;0.0;0.17104631036206097;0.7797645424118765;0.0;0;brain;1.0;1.244945;5.738103;4.609121688106703
161882;ZFPM1;1.915311625;62.5;0.08241748170299434;1.3083977396636493;0.0;0.032808594514644795;1.6099250715914677;1.0;0.4;17.391304347826086;10.869565217391305;4.1;92;161882;6.090038843402097;62.5;0.9814264118536151;1.0032376810463668;0.0;0.8014992043437461;1.0382185018075119;0.0;0;germinal;3.0;0.866514;2.093196;2.4156516801805856
222229;LRWD1;2.2480739;35.0;0.020619341966349625;1.705356006091673;1.0;0.036130468419509176;1.6735543839858646;1.0;0.4;3.9215686274509802;2.9411764705882355;4.35;102;222229;6.577050336473693;35.0;0.5165685840356748;0.8767059852862358;0.0;0.3096570759500199;0.8569581831437574;0.0;0;testis;1.0;2.572991;7.239474;2.8136414002225427
100130776;AGAP2-AS1;3.02243595;77.0;0.0870434199212804;1.2741556811511374;0.0;0.025639872078767167;1.6890129238586917;1.0;0.4;44.89795918367347;16.3265306122449;5.01;49;100130776;6.2648068941091655;77.0;0.3517240492606961;0.8967575767693743;0.0;0.5577922801344886;0.9052476876481507;0.0;0;neuro;2.0;0.67677;0.582672;0.8609601489427723
414918;DENND6B;1.4471042000000003;85.0;0.000307064229370102;2.610601802423083;1.0;0.021051518908224987;1.8801426499457135;1.0;0.3;100.0;100.0;9.26;2;414918;5.263326134306275;85.0;0.17235719693581997;1.3474367626737045;0.0;0.026628330084800478;1.5484709379008277;1.0;2;germinal;3.0;0.92976;1.921256;2.066399931165032
5446;PON3;1.2405040373134328;81.34328358208955;0.03233285330163649;1.4336387554905845;1.0;0.016352078565371686;1.8046962828808604;1.0;0.3;33.333333333333336;11.11111111111111;4.8;9;5446;6.558294411875857;81.34328358208955;0.15291121411332398;0.8970938304497479;0.0;0.17012187512677635;0.7607023363975165;0.0;0;germinal;3.0;0.983351;2.873906;2.9225637641086446
10998;SLC27A5;1.7204666099999995;84.5;0.7098814631250923;1.071788562310903;0.0;0.022948619262206593;1.8158162715377006;1.0;0.3;16.883116883116884;6.4935064935064934;6.71;77;10998;7.154449824967221;84.5;0.012662873056373813;0.7600701976393923;0.0;0.18604852168219654;0.7489217599688124;0.0;0;germinal;3.0;0.974883;2.502254;2.566722365658238
57662;CAMSAP3;4.439960055;84.5;0.21071586544815712;1.2440103510485359;0.0;0.020465770444134224;1.8766888772600951;1.0;0.3;80.0;40.0;5.21;5;57662;6.708998992553052;84.5;0.0002165214471681054;0.6538880612020473;0.0;0.05531732103998843;0.6524736599752131;0.0;0;germinal;3.0;2.595626;3.390081;1.3060745269156648
65083;NOL6;4.2185136750000005;80.5;0.17966464352766742;1.376804246319644;0.0;0.016793712206250255;1.7850400534654602;1.0;0.3;7.913669064748201;7.194244604316546;5.26;139;65083;7.088979291662299;80.5;0.11296307398173644;0.7576673866365741;0.0;0.3816864191936882;0.8503025788037543;0.0;0;muscles;1.0;0.484064;8.53307;17.627978944932902
83729;INHBE;0.46407016499999987;84.5;0.05444412740826632;2.548489564916809;0.0;0.01631646637768225;1.8997192302371522;1.0;0.3;31.11111111111111;11.11111111111111;3.8;45;83729;3.0042976681207407;84.5;0.12296119235424063;0.7199649975776405;0.0;0.5826531572263813;0.891968461547652;0.0;0;stem_cells;3.0;0.095402;1.746136;18.302928659776523
147011;PROCA1;0.6170697249999999;73.5;0.07836848723678402;1.6899179522278371;0.0;0.01969585294647236;1.7063928571827898;1.0;0.3;19.23076923076923;5.769230769230769;4.45;52;147011;5.689227368095171;73.5;0.23652458065984394;1.2432152712906472;0.0;0.3213572306311048;1.1713926001984898;0.0;0;testis;1.0;0.957236;6.306911;6.588668834017944
348825;TPRXL;0.31413224500000003;76.5;0.7420147378435518;1.0607225816728645;0.0;0.04586135445396344;1.5914949774715632;1.0;0.3;35.0;25.0;5.06;20;348825;5.807402043729082;76.5;0.14869666932942227;1.2564106361712433;0.0;0.2527185624493413;1.207895712462905;0.0;4;male_germinal;2.0;0.051747;1.615842;31.22581019189518
100127888;SLCO4A1-AS1;1.7436255600000001;35.5;0.16439111190452316;1.1084802325707872;0.0;0.03632457663774358;1.6763249445898634;1.0;0.3;19.841269841269842;7.936507936507937;2.8;126;100127888;5.728787925730866;35.5;0.8659374909718554;1.0125465146167756;0.0;0.6283815194353823;0.9296525501107905;0.0;0;placenta;3.0;0.462987;0.744515;1.6080689090622415
100288413;ERVMER34-1;0.9356573600000002;76.0;0.1764644405802449;1.2036565518120674;0.0;0.045413433560810734;1.5988055497991942;1.0;0.2;5.633802816901408;1.408450704225352;6.81;71;100288413;5.025396985071296;76.0;0.12848858911738015;1.1433322250637785;0.0;0.008926303111525202;1.514556706639851;1.0;19;embryonic_stem_cells;1.0;0.113383;2.992112;26.38942345854317
3866;KRT15;1.6336553500000002;85.0;0.09383870647509585;1.3971986611343181;0.0;0.025796898571551763;1.813738265565798;1.0;0.2;6.557377049180328;3.278688524590164;4.45;61;3866;5.290590903693713;85.0;0.5057484298331185;0.9212854724398402;0.0;0.7509654653200859;1.0694943531270018;0.0;0;germinal;3.0;0.725834;2.272148;3.1303962062951034
4099;MAG;3.03489555;85.0;0.09907937171327696;1.5049676647693953;0.0;0.016983008262810184;1.8461025415582577;1.0;0.2;9.401709401709402;3.4188034188034186;6.06;117;4099;4.601523286144996;85.0;0.05684680297485345;1.332336192676981;0.0;0.09186151979351198;1.422655943863151;0.0;0;neuro;2.0;0.087634;4.735931;54.042164000273864
4957;ODF2;3.52584748;81.5;0.14285561862352036;1.460562276110719;0.0;0.03680214179208141;1.671795821039414;1.0;0.2;9.821428571428571;3.5714285714285716;6.06;112;4957;7.136699284936712;81.5;0.42102829104624395;0.9109411588214158;0.0;0.41255926375465846;1.1571461976501067;0.0;0;male_germinal;2.0;2.501482;6.057417;2.4215313162357353
6218;RPS17;8.03127244;83.0;0.055508728786923145;1.4413275672081405;0.0;0.028892792786234578;1.7081333623353279;1.0;0.2;62.5;50.0;5.11;8;6218;13.398256260036081;83.0;0.29484257160734284;1.3908185290638786;0.0;0.12380107977233967;1.3262504194228784;0.0;0;placenta;2.0;1.294088;7.24411;5.5978496052818665
26777;SNORA71A;1.682088975;55.5;0.8470861601505435;0.9844325466913709;0.0;0.04078971432759926;1.572210543300227;1.0;0.2;35.632183908045974;8.045977011494253;4.6;87;26777;5.013668068832012;55.5;0.5469715853038124;1.1662457109690312;0.0;0.8887164132275482;0.9797296905219408;0.0;0;stem_cells;3.0;0.259839;0.491798;1.8927027890347485
29968;PSAT1;5.6748604;85.0;0.3365104798295422;1.1122981667594802;0.0;0.03854077344016682;1.7379238770659289;1.0;0.2;5.882352941176471;2.9411764705882355;5.46;136;29968;9.975721158764191;85.0;0.4888096555536092;0.9639436729520818;0.0;0.2988939912049693;0.8016022751562655;0.0;0;stem_cells;3.0;1.796765;7.321278;4.074699807709968
80313;LRRC27;0.9574496;85.0;0.03992764303066343;2.807189344040131;1.0;0.022804581445103222;1.8362101239487898;1.0;0.2;50.0;50.0;5.91;6;80313;4.88712321073218;85.0;0.15521599115081663;0.7495491676657037;0.0;0.4865107350403839;0.866969570784891;0.0;0;testis;1.0;0.887684;3.983975;4.488055434140978
105371919;LINC01977;0.63507596;75.5;0.11436467245655857;1.5034174112712884;0.0;0.0445425358937146;1.5894706434892067;1.0;0.2;38.20224719101124;6.741573033707865;6.91;89;105371919;3.360636052419651;75.5;0.8794837394927844;0.9680222656975915;0.0;0.6906695687775113;0.9332380874310754;0.0;0;testis;1.0;0.082938;2.313932;27.899539414984687
2564;GABRE;2.960939305;83.5;0.11463615765334234;1.1955864955642719;0.0;0.041551906081665146;1.740912179891046;1.0;0.1;30.555555555555557;4.62962962962963;8.11;108;2564;7.38150889422168;79.5;0.17060530528094153;1.084859200813271;0.0;0.032436441730481214;1.434707414450025;1.0;11;placenta;3.0;1.244139;3.653651;2.9366903537305715
9441;MED26;1.41914652;52.0;0.34983398786849174;1.5360250766980452;0.0;0.04441623370081804;1.5597003657154127;1.0;0.1;21.25;1.25;5.16;80;9441;4.437709771036804;52.0;0.031037256426859727;1.5421472107022942;1.0;0.0037569385051758886;1.5282241202534197;1.0;32;male_germinal;2.0;1.87058;4.542925;2.428618396433192
441054;C4orf47;0.33850125;75.5;0.2329121365780591;1.725621491787253;0.0;0.03996400146036083;1.6124773551374498;1.0;0.1;21.428571428571427;7.142857142857143;5.01;28;441054;3.074770337409772;75.5;0.0004742274314586403;1.8759240358332214;1.0;0.004794294847682901;1.5594607954691544;1.0;24;male_germinal;2.0;0.203703;3.025618;14.853085128839536
619207;SCART1;0.35115578;74.0;0.2942145552889941;1.5115026292709974;0.0;0.030548023544039626;1.6549163018839126;1.0;0.1;48.717948717948715;5.128205128205129;5.26;39;619207;5.003428486019073;74.5;0.018617399257952583;2.05804594606144;1.0;0.03828287764837146;1.4029624032689763;1.0;13;germinal;3.0;0.749941;0.861639;1.1489423834674994
3110;MNX1;2.125951075;63.5;0.36893076712726813;1.2007593405032777;0.0;0.023094429004746564;1.6542962434574568;1.0;0.1;31.11111111111111;4.444444444444445;3.8;45;3110;7.767624044678507;63.5;0.018700697818775147;0.6772022378137357;0.0;0.12454045640845512;0.7878463363790725;0.0;0;germinal;3.0;1.302911;0.685986;0.5265025776894968
7490;WT1;1.20436205;85.0;0.04871719286182841;1.372511933041578;1.0;0.021704838112664326;1.809805991260139;1.0;0.1;20.634920634920636;7.936507936507937;4.35;63;7490;5.50904568164922;85.0;0.6477304372096953;1.0266885434664237;0.0;0.7538894991859171;1.0627482340226864;0.0;0;male_germinal;2.0;0.161921;3.880231;23.963729225980572
9536;PTGES;3.938480695;76.5;0.09754683335587067;1.1818536017480397;0.0;0.034328103481481964;1.6670662855015985;1.0;0.1;19.047619047619047;14.285714285714286;4.55;21;9536;6.688154961834828;76.5;0.8737234869754515;1.0125248859711458;0.0;0.6570563039608459;0.9267462974062639;0.0;0;placenta;2.0;0.791388;4.301474;5.435354086743797
10642;IGF2BP1;0.45868202999999935;84.5;0.04917676715318131;1.2613467149811328;1.0;0.026543920792699183;1.7862161231913352;1.0;0.1;27.272727272727273;9.090909090909092;7.56;11;10642;5.286845048077642;84.5;0.7794453215412402;1.027097903484972;0.0;0.5968101263382326;0.8958097726745082;0.0;0;embryonic_stem_cells;1.0;0.378419;5.407017;14.288439533955746
10761;PLAC1;0.6234239199999992;84.5;0.023900803580116703;1.670315920838276;1.0;0.04660444062732916;1.7056080166471324;1.0;0.1;37.93103448275862;3.4482758620689653;8.36;29;10761;4.863047903890488;84.5;0.9444632244847804;0.9918030565714517;0.0;0.17856180255032927;0.748713852138746;0.0;0;placenta;1.0;0.043428;4.080173;93.9525881919499
26783;SNORA65;1.87855746;49.5;0.9203099476123549;1.0121761862970673;0.0;0.04499662213504929;1.5782480887154515;1.0;0.1;13.580246913580247;1.2345679012345678;4.0;81;26783;3.736301172507896;49.5;0.027348018921883543;1.8071330347094392;1.0;0.09213929646034469;1.2787507394685578;0.0;45;germinal;3.0;0.774884;0.941662;1.21522963437108
29785;CYP2S1;6.7362282250000005;82.5;0.5063206867692405;0.9206985481446149;0.0;0.006403683783215763;1.9822735363428208;1.0;0.1;63.63636363636363;9.090909090909092;7.46;11;29785;8.63750302229821;82.5;0.00034429829555704394;0.7578672940674972;0.0;0.7542297764210368;0.9430002153485895;0.0;0;embryonic_stem_cells;1.0;2.383713;5.569333;2.336410885035237
55582;KIF27;0.9078923134328359;79.85074626865672;0.7925020315437727;0.9114759902085144;0.0;0.04107851353437786;1.6876631268029691;1.0;0.1;33.333333333333336;8.333333333333334;6.36;12;55582;3.184349124740541;79.85074626865672;0.03351923641775478;0.45814362445028284;0.0;0.11991474006316549;0.7393895008277666;0.0;0;testis;1.0;0.594441;2.737461;4.605101263203581
60680;CELF5;0.6281724499999999;82.5;0.48449225065829804;1.252005139867949;0.0;0.034436496977076514;1.7436511574816238;1.0;0.1;22.22222222222222;7.407407407407407;6.51;27;60680;3.6917415768882904;82.5;0.2066405991591127;0.791813121016025;0.0;0.11103285489603931;0.7214902083994734;0.0;0;brain;1.0;0.579719;5.164239;8.908176202608505
112703;FAM71E1;1.26379772;31.0;0.07901204449385046;1.3948185396514516;0.0;0.029326138483221298;1.809407039268233;1.0;0.1;14.285714285714286;1.680672268907563;2.95;119;112703;5.255670608783538;31.0;0.19414005783795663;0.8118286261284671;0.0;0.13030275922501433;0.7891715590188773;0.0;0;testis;1.0;0.613684;5.691324;9.274030282686203
140846;FAM83C-AS1;0.5773330799999997;84.0;0.08266702255656466;1.8229445969392137;0.0;0.039652599854770765;1.7297801496765437;1.0;0.1;9.25925925925926;3.7037037037037037;4.55;54;140846;4.839841994967683;84.0;0.07035342779444287;1.4049706172514946;0.0;0.49240674183843725;1.1567646677638883;0.0;0;testis;1.0;0.040128;1.817398;45.29002192982457
200197;TMEM51-AS1;0.7702544200000001;81.0;0.12390097375537401;1.8059488673078852;0.0;0.019424900893107777;1.7772267130023427;1.0;0.1;23.214285714285715;7.142857142857143;5.16;56;200197;3.993776565549804;81.0;0.09891373133278636;0.7139709321881679;0.0;0.447251613200744;0.8576646606297291;0.0;0;neuro;2.0;0.163541;0.147473;0.9017494084052318
348487;FAM131C;0.48998019499999995;71.5;0.28989670196014794;1.3597753674024242;0.0;0.04354926333824727;1.5930393524119497;1.0;0.1;5.797101449275362;1.4492753623188406;7.91;69;348487;5.58622981464892;71.5;0.9768708736805252;0.9925918466455482;0.0;0.906742410976582;0.9810741362824796;0.0;0;neuro;2.0;0.188496;1.899752;10.078473813767932
105373869;LINC01614;0.5135468400000002;56.0;0.21482070525815455;1.168121968205857;0.0;0.03852844264765487;1.585986383912541;1.0;0.1;15.853658536585366;1.2195121951219512;5.11;82;105373869;3.356895478375362;56.0;0.01989651670499093;1.147942589717083;1.0;0.2519508656155387;1.1821234832127625;0.0;10;placenta;3.0;0.02879;0.52562;18.257033692254254
